{"cameraMode":{"drawMode":0,"name":"Shaded","section":"Shading Mode"},"sceneLighting":false,"audioPlay":false,"sceneViewState":{"showFog":false,"showMaterialUpdate":false,"showSkybox":false,"showFlares":false,"showImageEffects":false,"showParticleSystems":false},"in2DMode":false,"pivot":{"x":29.498340606689454,"y":2.8262338638305666,"z":6.712162017822266},"rotation":{"x":-0.2394734025001526,"y":0.36244943737983706,"z":-0.09692996740341187,"w":-0.8954852819442749},"size":15.190404891967774,"orthographic":false}